match_id,matchday,kickoff_utc,home,away,p_home,p_draw,p_away,exp_home_goals,exp_away_goals,model_version,prior_strength,generated_at_utc,data_through_utc,fixtures_source
560593,6,2026-10-10T11:30:00Z,Arsenal,Leeds,0.6298740614571201,0.22179815452178023,0.14832778402109967,1.8269649555844598,0.7514305759689074,64fa02d,3.0,2026-10-07T22:35:46Z,2026-09-20T15:30:00Z,api
560592,6,2026-10-10T14:00:00Z,Sunderland,Brighton,0.3342248668367078,0.26017259427965045,0.405602538883642,1.2474370883727888,1.4011616734423522,64fa02d,3.0,2026-10-07T22:35:46Z,2026-09-20T15:30:00Z,api
560595,6,2026-10-10T14:00:00Z,Chelsea,Bournemouth,0.44831026574835653,0.24387486644217693,0.3078148678094667,1.6131220153713013,1.2967523871790831,64fa02d,3.0,2026-10-07T22:35:46Z,2026-09-20T15:30:00Z,api
560599,6,2026-10-10T14:00:00Z,Ipswich,Fulham,0.20802182379282685,0.21754068507265756,0.5744374911345155,1.0937930554161994,1.9576501738411403,64fa02d,3.0,2026-10-07T22:35:46Z,2026-09-20T15:30:00Z,api
560601,6,2026-10-10T14:00:00Z,Aston Villa,Brentford,0.40789197123379384,0.24620310863135367,0.3459049201348525,1.5288315577408056,1.3895146063290766,64fa02d,3.0,2026-10-07T22:35:46Z,2026-09-20T15:30:00Z,api
560600,6,2026-10-10T16:30:00Z,Man United,Tottenham,0.5087192430198484,0.22733947623516962,0.2639412807449821,1.8494754854057027,1.2755261631470296,64fa02d,3.0,2026-10-07T22:35:46Z,2026-09-20T15:30:00Z,api
560594,6,2026-10-11T13:00:00Z,Hull,Everton,0.34608462502925175,0.33106265497327464,0.32285271999747356,0.9109051717964209,0.8685916880275545,64fa02d,3.0,2026-10-07T22:35:46Z,2026-09-20T15:30:00Z,api
560596,6,2026-10-11T13:00:00Z,Crystal Palace,Nottingham Forest,0.36043382045000055,0.275456411685649,0.36410976786435034,1.204789817742883,1.2123907852776072,64fa02d,3.0,2026-10-07T22:35:46Z,2026-09-20T15:30:00Z,api
560598,6,2026-10-11T15:30:00Z,Liverpool,Man City,0.3757234186618302,0.2350559090432959,0.3892206722948739,1.5744092161914596,1.6059140904329543,64fa02d,3.0,2026-10-07T22:35:46Z,2026-09-20T15:30:00Z,api
560597,6,2026-10-12T19:00:00Z,Coventry,Newcastle,0.11337789655591267,0.20757363748349258,0.6790484659605946,0.6196005572310924,1.895847529605282,64fa02d,3.0,2026-10-07T22:35:46Z,2026-09-20T15:30:00Z,api
