season,matchday,team,played,points,exp_points,p_title,p_top4,p_relegation,pos_1,pos_2,pos_3,pos_4,pos_5,pos_6,pos_7,pos_8,pos_9,pos_10,pos_11,pos_12,pos_13,pos_14,pos_15,pos_16,pos_17,pos_18,pos_19,pos_20,model_version,prior_strength,n_runs,seed,generated_at_utc,data_through_utc,last_round_included,fixtures_source
2026-27,6,Arsenal,5,12,77.1032,0.4411,0.9379,0.0,0.4411,0.3139,0.1284,0.0545,0.0293,0.0138,0.0082,0.0052,0.0022,0.0018,0.0009,0.0003,0.0001,0.0003,0.0,0.0,0.0,0.0,0.0,0.0,20f98e7,3.0,10000,2026,2026-10-08T04:49:45Z,2026-09-20T15:30:00Z,5,api
2026-27,6,Man City,5,15,76.4797,0.4111,0.9254,0.0,0.4111,0.3143,0.1314,0.0686,0.0303,0.0189,0.0113,0.0059,0.0035,0.0025,0.001,0.0004,0.0001,0.0002,0.0003,0.0001,0.0001,0.0,0.0,0.0,20f98e7,3.0,10000,2026,2026-10-08T04:49:45Z,2026-09-20T15:30:00Z,5,api
2026-27,6,Liverpool,5,9,65.9238,0.0692,0.5781000000000001,0.0007,0.0692,0.1344,0.2213,0.1532,0.1175,0.0855,0.0588,0.0445,0.0341,0.0256,0.0202,0.0138,0.0076,0.0062,0.0037,0.0023,0.0014,0.0005,0.0002,0.0,20f98e7,3.0,10000,2026,2026-10-08T04:49:45Z,2026-09-20T15:30:00Z,5,api
2026-27,6,Brighton,5,10,59.4207,0.0139,0.2766,0.0048000000000000004,0.0139,0.0469,0.099,0.1168,0.1124,0.1059,0.0909,0.0859,0.0713,0.0634,0.0525,0.0395,0.0327,0.026,0.0164,0.0128,0.0089,0.0043,0.0004,0.0001,20f98e7,3.0,10000,2026,2026-10-08T04:49:45Z,2026-09-20T15:30:00Z,5,api
2026-27,6,Chelsea,5,7,58.3273,0.0103,0.21559999999999999,0.0056,0.0103,0.0346,0.0715,0.0992,0.1071,0.1043,0.0962,0.0852,0.0775,0.0707,0.0568,0.0467,0.041,0.0333,0.028,0.0195,0.0125,0.0049,0.0007,0.0,20f98e7,3.0,10000,2026,2026-10-08T04:49:45Z,2026-09-20T15:30:00Z,5,api
2026-27,6,Brentford,5,9,57.9328,0.0091,0.21960000000000002,0.0066,0.0091,0.0351,0.0733,0.1021,0.1023,0.0965,0.0914,0.0882,0.082,0.0696,0.0598,0.0501,0.0461,0.0341,0.0238,0.0182,0.0117,0.0055,0.001,0.0001,20f98e7,3.0,10000,2026,2026-10-08T04:49:45Z,2026-09-20T15:30:00Z,5,api
2026-27,6,Newcastle,5,8,57.3676,0.0062,0.1907,0.0091,0.0062,0.0291,0.0637,0.0917,0.0937,0.0991,0.0949,0.0862,0.0808,0.0712,0.0631,0.0563,0.048,0.04,0.0306,0.0221,0.0142,0.0072,0.0016,0.0003,20f98e7,3.0,10000,2026,2026-10-08T04:49:45Z,2026-09-20T15:30:00Z,5,api
2026-27,6,Leeds,5,9,53.5657,0.0034,0.1125,0.0359,0.0034,0.0149,0.04,0.0542,0.0619,0.0688,0.0724,0.0743,0.0793,0.0759,0.0725,0.071,0.0698,0.0622,0.0555,0.0483,0.0397,0.0265,0.0086,0.0008,20f98e7,3.0,10000,2026,2026-10-08T04:49:45Z,2026-09-20T15:30:00Z,5,api
2026-27,6,Everton,5,9,53.3548,0.0019,0.08610000000000001,0.0216,0.0019,0.0102,0.0299,0.0441,0.0575,0.0681,0.0784,0.0749,0.0813,0.0862,0.0835,0.0875,0.0713,0.0688,0.0578,0.0462,0.0308,0.0177,0.0035,0.0004,20f98e7,3.0,10000,2026,2026-10-08T04:49:45Z,2026-09-20T15:30:00Z,5,api
2026-27,6,Bournemouth,5,3,52.2576,0.0013,0.0738,0.0367,0.0013,0.0099,0.0233,0.0393,0.0522,0.0623,0.0725,0.0761,0.0792,0.0787,0.0817,0.0791,0.0741,0.0688,0.0665,0.0536,0.0447,0.0279,0.008,0.0008,20f98e7,3.0,10000,2026,2026-10-08T04:49:45Z,2026-09-20T15:30:00Z,5,api
2026-27,6,Aston Villa,5,4,51.6812,0.0011,0.0609,0.0401,0.0011,0.0066,0.0182,0.035,0.0495,0.0554,0.0644,0.0667,0.0764,0.0788,0.0808,0.0841,0.0829,0.0779,0.0668,0.0641,0.0512,0.0303,0.0079,0.0019,20f98e7,3.0,10000,2026,2026-10-08T04:49:45Z,2026-09-20T15:30:00Z,5,api
2026-27,6,Man United,5,5,51.6669,0.0017,0.065,0.0415,0.0017,0.0061,0.0215,0.0357,0.052,0.0566,0.0657,0.0706,0.0724,0.0796,0.0769,0.0845,0.0809,0.073,0.0716,0.0616,0.0481,0.0307,0.0091,0.0017,20f98e7,3.0,10000,2026,2026-10-08T04:49:45Z,2026-09-20T15:30:00Z,5,api
2026-27,6,Hull,5,8,50.534,0.0284,0.1651,0.1798,0.0284,0.0365,0.0519,0.0483,0.0452,0.0471,0.0446,0.045,0.0462,0.0426,0.0483,0.0449,0.0493,0.0525,0.0564,0.0607,0.0723,0.0979,0.0602,0.0217,20f98e7,3.0,10000,2026,2026-10-08T04:49:45Z,2026-09-20T15:30:00Z,5,api
2026-27,6,Nottingham Forest,5,5,50.3309,0.0009,0.0437,0.0564,0.0009,0.0047,0.0127,0.0254,0.0405,0.0468,0.058,0.0653,0.0681,0.0717,0.0786,0.0852,0.0854,0.0816,0.0838,0.075,0.0599,0.0426,0.0126,0.0012,20f98e7,3.0,10000,2026,2026-10-08T04:49:45Z,2026-09-20T15:30:00Z,5,api
2026-27,6,Fulham,5,2,45.4429,0.0002,0.0133,0.1544,0.0002,0.0006,0.0044,0.0081,0.0117,0.0222,0.0274,0.0338,0.0414,0.0515,0.06,0.072,0.0803,0.0951,0.104,0.1181,0.1148,0.1048,0.0421,0.0075,20f98e7,3.0,10000,2026,2026-10-08T04:49:45Z,2026-09-20T15:30:00Z,5,api
2026-27,6,Sunderland,5,4,45.3356,0.0001,0.0175,0.1785,0.0001,0.0009,0.0041,0.0124,0.0177,0.0232,0.0264,0.037,0.0419,0.0472,0.0611,0.0617,0.0777,0.0842,0.0965,0.1092,0.1202,0.1182,0.0508,0.0095,20f98e7,3.0,10000,2026,2026-10-08T04:49:45Z,2026-09-20T15:30:00Z,5,api
2026-27,6,Crystal Palace,5,4,45.0824,0.0,0.0124,0.1661,0.0,0.0008,0.0035,0.0081,0.0122,0.0153,0.0245,0.0323,0.0373,0.0444,0.0586,0.0677,0.0743,0.0969,0.1095,0.1167,0.1318,0.1152,0.043,0.0079,20f98e7,3.0,10000,2026,2026-10-08T04:49:45Z,2026-09-20T15:30:00Z,5,api
2026-27,6,Tottenham,5,2,42.2907,0.0001,0.0040999999999999995,0.26839999999999997,0.0001,0.0002,0.0014,0.0024,0.0061,0.0089,0.0118,0.02,0.0224,0.0351,0.0385,0.0478,0.0667,0.0831,0.0987,0.1289,0.1595,0.1746,0.0756,0.0182,20f98e7,3.0,10000,2026,2026-10-08T04:49:45Z,2026-09-20T15:30:00Z,5,api
2026-27,6,Ipswich,5,6,28.5425,0.0,0.0,0.8906000000000001,0.0,0.0,0.0,0.0,0.0,0.0,0.0002,0.0003,0.0001,0.0006,0.0018,0.003,0.0057,0.0072,0.016,0.0254,0.0491,0.1324,0.4754,0.2828,20f98e7,3.0,10000,2026,2026-10-08T04:49:45Z,2026-09-20T15:30:00Z,5,api
2026-27,6,Coventry,5,3,22.8947,0.0,0.0017,0.9032,0.0,0.0003,0.0005,0.0009,0.0009,0.0013,0.002,0.0026,0.0026,0.0029,0.0034,0.0044,0.006,0.0086,0.0141,0.0172,0.0291,0.0588,0.1993,0.6451,20f98e7,3.0,10000,2026,2026-10-08T04:49:45Z,2026-09-20T15:30:00Z,5,api
