match_id,matchday,kickoff_utc,home,away
560593,6,2026-10-10T11:30:00Z,Arsenal,Leeds
560592,6,2026-10-10T14:00:00Z,Sunderland,Brighton
560595,6,2026-10-10T14:00:00Z,Chelsea,Bournemouth
560599,6,2026-10-10T14:00:00Z,Ipswich,Fulham
560601,6,2026-10-10T14:00:00Z,Aston Villa,Brentford
560600,6,2026-10-10T16:30:00Z,Man United,Tottenham
560594,6,2026-10-11T13:00:00Z,Hull,Everton
560596,6,2026-10-11T13:00:00Z,Crystal Palace,Nottingham Forest
560598,6,2026-10-11T15:30:00Z,Liverpool,Man City
560597,6,2026-10-12T19:00:00Z,Coventry,Newcastle
560603,7,2026-10-17T11:30:00Z,Everton,Chelsea
560602,7,2026-10-17T14:00:00Z,Fulham,Hull
560610,7,2026-10-17T14:00:00Z,Man City,Ipswich
560611,7,2026-10-17T14:00:00Z,Brentford,Liverpool
560607,7,2026-10-17T16:30:00Z,Newcastle,Aston Villa
560604,7,2026-10-18T13:00:00Z,Bournemouth,Sunderland
560605,7,2026-10-18T13:00:00Z,Leeds,Man United
560609,7,2026-10-18T13:00:00Z,Brighton,Crystal Palace
560608,7,2026-10-18T15:30:00Z,Nottingham Forest,Arsenal
560606,7,2026-10-19T19:00:00Z,Tottenham,Coventry
560620,8,2026-10-23T19:00:00Z,Ipswich,Nottingham Forest
560614,8,2026-10-24T11:30:00Z,Aston Villa,Man City
560616,8,2026-10-24T14:00:00Z,Arsenal,Everton
560618,8,2026-10-24T14:00:00Z,Coventry,Fulham
560617,8,2026-10-24T16:30:00Z,Chelsea,Tottenham
560612,8,2026-10-25T14:00:00Z,Liverpool,Brighton
560613,8,2026-10-25T14:00:00Z,Crystal Palace,Newcastle
560615,8,2026-10-25T14:00:00Z,Man United,Bournemouth
560619,8,2026-10-25T14:00:00Z,Hull,Brentford
560621,8,2026-10-25T16:30:00Z,Sunderland,Leeds
560626,9,2026-10-31T12:30:00Z,Chelsea,Man United
560623,9,2026-10-31T15:00:00Z,Man City,Brighton
560624,9,2026-10-31T15:00:00Z,Bournemouth,Leeds
560625,9,2026-10-31T15:00:00Z,Coventry,Sunderland
560629,9,2026-10-31T15:00:00Z,Hull,Ipswich
560630,9,2026-10-31T15:00:00Z,Brentford,Nottingham Forest
560627,9,2026-10-31T17:30:00Z,Tottenham,Crystal Palace
560628,9,2026-10-31T20:00:00Z,Aston Villa,Fulham
560631,9,2026-11-01T16:30:00Z,Liverpool,Arsenal
560622,9,2026-11-02T20:00:00Z,Newcastle,Everton
560634,10,2026-11-06T20:00:00Z,Everton,Coventry
560632,10,2026-11-07T12:30:00Z,Leeds,Tottenham
560640,10,2026-11-07T15:00:00Z,Arsenal,Hull
560633,10,2026-11-07T15:00:00Z,Fulham,Newcastle
560641,10,2026-11-07T17:30:00Z,Nottingham Forest,Man City
560635,10,2026-11-08T14:00:00Z,Crystal Palace,Liverpool
560636,10,2026-11-08T14:00:00Z,Sunderland,Chelsea
560637,10,2026-11-08T14:00:00Z,Ipswich,Bournemouth
560638,10,2026-11-08T14:00:00Z,Brighton,Brentford
560639,10,2026-11-08T16:30:00Z,Man United,Aston Villa
560643,11,2026-11-21T12:30:00Z,Man City,Fulham
560642,11,2026-11-21T15:00:00Z,Chelsea,Leeds
560644,11,2026-11-21T15:00:00Z,Aston Villa,Sunderland
560647,11,2026-11-21T15:00:00Z,Bournemouth,Nottingham Forest
560648,11,2026-11-21T15:00:00Z,Tottenham,Ipswich
560650,11,2026-11-21T15:00:00Z,Coventry,Crystal Palace
560651,11,2026-11-21T17:30:00Z,Newcastle,Arsenal
560646,11,2026-11-22T14:00:00Z,Hull,Brighton
560645,11,2026-11-22T16:30:00Z,Liverpool,Man United
560649,11,2026-11-23T20:00:00Z,Brentford,Everton
560658,12,2026-11-27T20:00:00Z,Nottingham Forest,Chelsea
560652,12,2026-11-28T15:00:00Z,Leeds,Coventry
560655,12,2026-11-28T15:00:00Z,Man United,Brentford
560653,12,2026-11-28T17:30:00Z,Ipswich,Aston Villa
560656,12,2026-11-29T12:00:00Z,Everton,Liverpool
560657,12,2026-11-29T14:05:00Z,Fulham,Bournemouth
560659,12,2026-11-29T14:05:00Z,Brighton,Newcastle
560660,12,2026-11-29T14:05:00Z,Sunderland,Tottenham
560661,12,2026-11-29T14:05:00Z,Crystal Palace,Hull
560654,12,2026-11-29T16:30:00Z,Arsenal,Man City
560662,13,2026-12-02T20:00:00Z,Tottenham,Fulham
560663,13,2026-12-02T20:00:00Z,Liverpool,Sunderland
560664,13,2026-12-02T20:00:00Z,Hull,Nottingham Forest
560665,13,2026-12-02T20:00:00Z,Chelsea,Crystal Palace
560666,13,2026-12-02T20:00:00Z,Aston Villa,Everton
560667,13,2026-12-02T20:00:00Z,Brentford,Arsenal
560668,13,2026-12-02T20:00:00Z,Coventry,Ipswich
560669,13,2026-12-02T20:00:00Z,Man City,Leeds
560670,13,2026-12-02T20:00:00Z,Newcastle,Man United
560671,13,2026-12-02T20:00:00Z,Bournemouth,Brighton
560672,14,2026-12-05T15:00:00Z,Tottenham,Arsenal
560673,14,2026-12-05T15:00:00Z,Man United,Coventry
560674,14,2026-12-05T15:00:00Z,Leeds,Ipswich
560675,14,2026-12-05T15:00:00Z,Newcastle,Sunderland
560676,14,2026-12-05T15:00:00Z,Chelsea,Liverpool
560677,14,2026-12-05T15:00:00Z,Brentford,Man City
560678,14,2026-12-05T15:00:00Z,Bournemouth,Hull
560679,14,2026-12-05T15:00:00Z,Aston Villa,Crystal Palace
560680,14,2026-12-05T15:00:00Z,Nottingham Forest,Brighton
560681,14,2026-12-05T15:00:00Z,Everton,Fulham
560682,15,2026-12-12T15:00:00Z,Sunderland,Nottingham Forest
560683,15,2026-12-12T15:00:00Z,Crystal Palace,Man United
560684,15,2026-12-12T15:00:00Z,Hull,Tottenham
560685,15,2026-12-12T15:00:00Z,Brighton,Everton
560686,15,2026-12-12T15:00:00Z,Ipswich,Newcastle
560687,15,2026-12-12T15:00:00Z,Coventry,Aston Villa
560688,15,2026-12-12T15:00:00Z,Arsenal,Bournemouth
560689,15,2026-12-12T15:00:00Z,Man City,Chelsea
560690,15,2026-12-12T15:00:00Z,Liverpool,Leeds
560691,15,2026-12-12T15:00:00Z,Fulham,Brentford
560692,16,2026-12-19T15:00:00Z,Leeds,Fulham
560693,16,2026-12-19T15:00:00Z,Brighton,Ipswich
560694,16,2026-12-19T15:00:00Z,Nottingham Forest,Everton
560695,16,2026-12-19T15:00:00Z,Brentford,Newcastle
560696,16,2026-12-19T15:00:00Z,Man City,Hull
560697,16,2026-12-19T15:00:00Z,Sunderland,Crystal Palace
560698,16,2026-12-19T15:00:00Z,Bournemouth,Coventry
560699,16,2026-12-19T15:00:00Z,Arsenal,Man United
560700,16,2026-12-19T15:00:00Z,Liverpool,Tottenham
560701,16,2026-12-19T15:00:00Z,Chelsea,Aston Villa
560702,17,2026-12-26T12:30:00Z,Aston Villa,Leeds
560705,17,2026-12-26T15:00:00Z,Everton,Sunderland
560708,17,2026-12-26T15:00:00Z,Fulham,Brighton
560709,17,2026-12-26T15:00:00Z,Tottenham,Bournemouth
560711,17,2026-12-26T15:00:00Z,Ipswich,Brentford
560710,17,2026-12-26T17:30:00Z,Hull,Liverpool
560707,17,2026-12-26T20:00:00Z,Newcastle,Man City
560706,17,2026-12-27T14:00:00Z,Coventry,Chelsea
560703,17,2026-12-27T16:30:00Z,Man United,Nottingham Forest
560704,17,2026-12-27T19:00:00Z,Crystal Palace,Arsenal
560716,18,2026-12-29T19:30:00Z,Hull,Leeds
560719,18,2026-12-29T19:30:00Z,Tottenham,Brighton
560720,18,2026-12-29T20:15:00Z,Everton,Man City
560712,18,2026-12-30T19:30:00Z,Fulham,Arsenal
560713,18,2026-12-30T19:30:00Z,Coventry,Brentford
560715,18,2026-12-30T19:30:00Z,Newcastle,Nottingham Forest
560717,18,2026-12-30T19:30:00Z,Man United,Sunderland
560721,18,2026-12-30T19:30:00Z,Crystal Palace,Bournemouth
560714,18,2026-12-30T20:15:00Z,Aston Villa,Liverpool
560718,18,2026-12-30T20:15:00Z,Ipswich,Chelsea
560724,19,2027-01-01T20:00:00Z,Leeds,Everton
560730,19,2027-01-02T12:30:00Z,Brighton,Man United
560723,19,2027-01-02T15:00:00Z,Brentford,Crystal Palace
560725,19,2027-01-02T15:00:00Z,Arsenal,Ipswich
560726,19,2027-01-02T15:00:00Z,Sunderland,Hull
560727,19,2027-01-02T15:00:00Z,Liverpool,Coventry
560729,19,2027-01-02T15:00:00Z,Nottingham Forest,Fulham
560722,19,2027-01-02T17:30:00Z,Bournemouth,Aston Villa
560728,19,2027-01-03T14:00:00Z,Chelsea,Newcastle
560731,19,2027-01-03T16:30:00Z,Man City,Tottenham
560732,20,2027-01-05T19:30:00Z,Arsenal,Brentford
560735,20,2027-01-05T19:30:00Z,Brighton,Bournemouth
560736,20,2027-01-05T19:30:00Z,Nottingham Forest,Hull
560738,20,2027-01-05T19:30:00Z,Everton,Aston Villa
560739,20,2027-01-05T20:15:00Z,Sunderland,Liverpool
560737,20,2027-01-06T19:30:00Z,Fulham,Tottenham
560740,20,2027-01-06T19:30:00Z,Crystal Palace,Chelsea
560741,20,2027-01-06T19:30:00Z,Ipswich,Coventry
560733,20,2027-01-06T20:15:00Z,Leeds,Man City
560734,20,2027-01-07T20:00:00Z,Man United,Newcastle
560742,21,2027-01-16T15:00:00Z,Bournemouth,Ipswich
560743,21,2027-01-16T15:00:00Z,Man City,Nottingham Forest
560744,21,2027-01-16T15:00:00Z,Chelsea,Sunderland
560745,21,2027-01-16T15:00:00Z,Brentford,Brighton
560746,21,2027-01-16T15:00:00Z,Aston Villa,Man United
560747,21,2027-01-16T15:00:00Z,Tottenham,Leeds
560748,21,2027-01-16T15:00:00Z,Coventry,Everton
560749,21,2027-01-16T15:00:00Z,Liverpool,Crystal Palace
560750,21,2027-01-16T15:00:00Z,Hull,Arsenal
560751,21,2027-01-16T15:00:00Z,Newcastle,Fulham
560752,22,2027-01-23T15:00:00Z,Ipswich,Hull
560753,22,2027-01-23T15:00:00Z,Everton,Brentford
560754,22,2027-01-23T15:00:00Z,Sunderland,Coventry
560755,22,2027-01-23T15:00:00Z,Nottingham Forest,Bournemouth
560756,22,2027-01-23T15:00:00Z,Arsenal,Newcastle
560757,22,2027-01-23T15:00:00Z,Leeds,Chelsea
560758,22,2027-01-23T15:00:00Z,Fulham,Aston Villa
560759,22,2027-01-23T15:00:00Z,Man United,Liverpool
560760,22,2027-01-23T15:00:00Z,Brighton,Man City
560761,22,2027-01-23T15:00:00Z,Crystal Palace,Tottenham
560762,23,2027-01-30T15:00:00Z,Tottenham,Sunderland
560763,23,2027-01-30T15:00:00Z,Brentford,Man United
560764,23,2027-01-30T15:00:00Z,Newcastle,Brighton
560765,23,2027-01-30T15:00:00Z,Hull,Crystal Palace
560766,23,2027-01-30T15:00:00Z,Coventry,Leeds
560767,23,2027-01-30T15:00:00Z,Bournemouth,Fulham
560768,23,2027-01-30T15:00:00Z,Chelsea,Nottingham Forest
560769,23,2027-01-30T15:00:00Z,Liverpool,Everton
560770,23,2027-01-30T15:00:00Z,Man City,Arsenal
560771,23,2027-01-30T15:00:00Z,Aston Villa,Ipswich
560772,24,2027-02-06T15:00:00Z,Arsenal,Liverpool
560773,24,2027-02-06T15:00:00Z,Brighton,Hull
560774,24,2027-02-06T15:00:00Z,Sunderland,Aston Villa
560775,24,2027-02-06T15:00:00Z,Crystal Palace,Coventry
560776,24,2027-02-06T15:00:00Z,Ipswich,Tottenham
560777,24,2027-02-06T15:00:00Z,Everton,Newcastle
560778,24,2027-02-06T15:00:00Z,Fulham,Man City
560779,24,2027-02-06T15:00:00Z,Leeds,Bournemouth
560780,24,2027-02-06T15:00:00Z,Man United,Chelsea
560781,24,2027-02-06T15:00:00Z,Nottingham Forest,Brentford
560782,25,2027-02-10T20:00:00Z,Everton,Leeds
560783,25,2027-02-10T20:00:00Z,Coventry,Liverpool
560784,25,2027-02-10T20:00:00Z,Hull,Sunderland
560785,25,2027-02-10T20:00:00Z,Aston Villa,Bournemouth
560786,25,2027-02-10T20:00:00Z,Crystal Palace,Brentford
560787,25,2027-02-10T20:00:00Z,Newcastle,Chelsea
560788,25,2027-02-10T20:00:00Z,Fulham,Nottingham Forest
560789,25,2027-02-10T20:00:00Z,Tottenham,Man City
560790,25,2027-02-10T20:00:00Z,Man United,Brighton
560791,25,2027-02-10T20:00:00Z,Ipswich,Arsenal
560792,26,2027-02-20T15:00:00Z,Man City,Newcastle
560793,26,2027-02-20T15:00:00Z,Bournemouth,Crystal Palace
560794,26,2027-02-20T15:00:00Z,Brentford,Coventry
560795,26,2027-02-20T15:00:00Z,Chelsea,Ipswich
560796,26,2027-02-20T15:00:00Z,Liverpool,Hull
560797,26,2027-02-20T15:00:00Z,Arsenal,Fulham
560798,26,2027-02-20T15:00:00Z,Nottingham Forest,Man United
560799,26,2027-02-20T15:00:00Z,Brighton,Tottenham
560800,26,2027-02-20T15:00:00Z,Sunderland,Everton
560801,26,2027-02-20T15:00:00Z,Leeds,Aston Villa
560802,27,2027-02-27T15:00:00Z,Crystal Palace,Sunderland
560803,27,2027-02-27T15:00:00Z,Man United,Arsenal
560804,27,2027-02-27T15:00:00Z,Ipswich,Brighton
560805,27,2027-02-27T15:00:00Z,Coventry,Bournemouth
560806,27,2027-02-27T15:00:00Z,Everton,Nottingham Forest
560807,27,2027-02-27T15:00:00Z,Fulham,Leeds
560808,27,2027-02-27T15:00:00Z,Aston Villa,Chelsea
560809,27,2027-02-27T15:00:00Z,Tottenham,Liverpool
560810,27,2027-02-27T15:00:00Z,Newcastle,Brentford
560811,27,2027-02-27T15:00:00Z,Hull,Man City
560812,28,2027-03-03T20:00:00Z,Nottingham Forest,Newcastle
560813,28,2027-03-03T20:00:00Z,Bournemouth,Tottenham
560814,28,2027-03-03T20:00:00Z,Man City,Everton
560815,28,2027-03-03T20:00:00Z,Arsenal,Crystal Palace
560816,28,2027-03-03T20:00:00Z,Leeds,Hull
560817,28,2027-03-03T20:00:00Z,Sunderland,Man United
560818,28,2027-03-03T20:00:00Z,Liverpool,Aston Villa
560819,28,2027-03-03T20:00:00Z,Brighton,Fulham
560820,28,2027-03-03T20:00:00Z,Brentford,Ipswich
560821,28,2027-03-03T20:00:00Z,Chelsea,Coventry
560822,29,2027-03-13T15:00:00Z,Leeds,Brighton
560823,29,2027-03-13T15:00:00Z,Tottenham,Nottingham Forest
560824,29,2027-03-13T15:00:00Z,Crystal Palace,Fulham
560825,29,2027-03-13T15:00:00Z,Liverpool,Ipswich
560826,29,2027-03-13T15:00:00Z,Coventry,Man City
560827,29,2027-03-13T15:00:00Z,Bournemouth,Newcastle
560828,29,2027-03-13T15:00:00Z,Chelsea,Arsenal
560829,29,2027-03-13T15:00:00Z,Aston Villa,Hull
560830,29,2027-03-13T15:00:00Z,Man United,Everton
560831,29,2027-03-13T15:00:00Z,Sunderland,Brentford
560832,30,2027-03-20T15:00:00Z,Brentford,Bournemouth
560833,30,2027-03-20T15:00:00Z,Brighton,Coventry
560834,30,2027-03-20T15:00:00Z,Man City,Man United
560835,30,2027-03-20T15:00:00Z,Ipswich,Crystal Palace
560836,30,2027-03-20T15:00:00Z,Arsenal,Sunderland
560837,30,2027-03-20T15:00:00Z,Fulham,Liverpool
560838,30,2027-03-20T15:00:00Z,Hull,Chelsea
560839,30,2027-03-20T15:00:00Z,Nottingham Forest,Aston Villa
560840,30,2027-03-20T15:00:00Z,Everton,Tottenham
560841,30,2027-03-20T15:00:00Z,Newcastle,Leeds
560842,31,2027-04-10T14:00:00Z,Sunderland,Ipswich
560843,31,2027-04-10T14:00:00Z,Leeds,Nottingham Forest
560844,31,2027-04-10T14:00:00Z,Man United,Hull
560845,31,2027-04-10T14:00:00Z,Chelsea,Fulham
560846,31,2027-04-10T14:00:00Z,Liverpool,Newcastle
560847,31,2027-04-10T14:00:00Z,Coventry,Arsenal
560848,31,2027-04-10T14:00:00Z,Bournemouth,Man City
560849,31,2027-04-10T14:00:00Z,Crystal Palace,Everton
560850,31,2027-04-10T14:00:00Z,Tottenham,Brentford
560851,31,2027-04-10T14:00:00Z,Aston Villa,Brighton
560852,32,2027-04-17T14:00:00Z,Brighton,Chelsea
560853,32,2027-04-17T14:00:00Z,Fulham,Sunderland
560854,32,2027-04-17T14:00:00Z,Brentford,Leeds
560855,32,2027-04-17T14:00:00Z,Nottingham Forest,Liverpool
560856,32,2027-04-17T14:00:00Z,Hull,Coventry
560857,32,2027-04-17T14:00:00Z,Arsenal,Aston Villa
560858,32,2027-04-17T14:00:00Z,Ipswich,Man United
560859,32,2027-04-17T14:00:00Z,Man City,Crystal Palace
560860,32,2027-04-17T14:00:00Z,Newcastle,Tottenham
560861,32,2027-04-17T14:00:00Z,Everton,Bournemouth
560862,33,2027-04-24T14:00:00Z,Chelsea,Man City
560863,33,2027-04-24T14:00:00Z,Bournemouth,Arsenal
560864,33,2027-04-24T14:00:00Z,Tottenham,Hull
560865,33,2027-04-24T14:00:00Z,Man United,Crystal Palace
560866,33,2027-04-24T14:00:00Z,Everton,Brighton
560867,33,2027-04-24T14:00:00Z,Nottingham Forest,Sunderland
560868,33,2027-04-24T14:00:00Z,Newcastle,Ipswich
560869,33,2027-04-24T14:00:00Z,Aston Villa,Coventry
560870,33,2027-04-24T14:00:00Z,Brentford,Fulham
560871,33,2027-04-24T14:00:00Z,Leeds,Liverpool
560872,34,2027-05-01T14:00:00Z,Sunderland,Newcastle
560873,34,2027-05-01T14:00:00Z,Brighton,Nottingham Forest
560874,34,2027-05-01T14:00:00Z,Coventry,Man United
560875,34,2027-05-01T14:00:00Z,Hull,Bournemouth
560876,34,2027-05-01T14:00:00Z,Man City,Brentford
560877,34,2027-05-01T14:00:00Z,Fulham,Everton
560878,34,2027-05-01T14:00:00Z,Liverpool,Chelsea
560879,34,2027-05-01T14:00:00Z,Arsenal,Tottenham
560880,34,2027-05-01T14:00:00Z,Crystal Palace,Aston Villa
560881,34,2027-05-01T14:00:00Z,Ipswich,Leeds
560882,35,2027-05-08T14:00:00Z,Man City,Liverpool
560883,35,2027-05-08T14:00:00Z,Leeds,Arsenal
560884,35,2027-05-08T14:00:00Z,Fulham,Ipswich
560885,35,2027-05-08T14:00:00Z,Nottingham Forest,Crystal Palace
560886,35,2027-05-08T14:00:00Z,Brentford,Aston Villa
560887,35,2027-05-08T14:00:00Z,Newcastle,Coventry
560888,35,2027-05-08T14:00:00Z,Brighton,Sunderland
560889,35,2027-05-08T14:00:00Z,Tottenham,Chelsea
560890,35,2027-05-08T14:00:00Z,Everton,Hull
560891,35,2027-05-08T14:00:00Z,Bournemouth,Man United
560896,36,2027-05-15T14:00:00Z,Hull,Fulham
560897,36,2027-05-15T14:00:00Z,Man United,Leeds
560898,36,2027-05-15T14:00:00Z,Crystal Palace,Brighton
560899,36,2027-05-15T14:00:00Z,Aston Villa,Newcastle
560900,36,2027-05-15T14:00:00Z,Chelsea,Everton
560901,36,2027-05-15T14:00:00Z,Coventry,Tottenham
560892,36,2027-05-15T14:00:00Z,Sunderland,Bournemouth
560893,36,2027-05-15T14:00:00Z,Liverpool,Brentford
560894,36,2027-05-15T14:00:00Z,Ipswich,Man City
560895,36,2027-05-15T14:00:00Z,Arsenal,Nottingham Forest
560902,37,2027-05-23T14:00:00Z,Brentford,Hull
560903,37,2027-05-23T14:00:00Z,Newcastle,Crystal Palace
560904,37,2027-05-23T14:00:00Z,Tottenham,Man United
560905,37,2027-05-23T14:00:00Z,Leeds,Sunderland
560906,37,2027-05-23T14:00:00Z,Brighton,Liverpool
560907,37,2027-05-23T14:00:00Z,Nottingham Forest,Ipswich
560908,37,2027-05-23T14:00:00Z,Bournemouth,Chelsea
560909,37,2027-05-23T14:00:00Z,Fulham,Coventry
560910,37,2027-05-23T14:00:00Z,Everton,Arsenal
560911,37,2027-05-23T14:00:00Z,Man City,Aston Villa
560912,38,2027-05-30T15:00:00Z,Ipswich,Everton
560913,38,2027-05-30T15:00:00Z,Arsenal,Brighton
560914,38,2027-05-30T15:00:00Z,Liverpool,Bournemouth
560915,38,2027-05-30T15:00:00Z,Coventry,Nottingham Forest
560916,38,2027-05-30T15:00:00Z,Aston Villa,Tottenham
560917,38,2027-05-30T15:00:00Z,Hull,Newcastle
560918,38,2027-05-30T15:00:00Z,Man United,Fulham
560919,38,2027-05-30T15:00:00Z,Sunderland,Man City
560920,38,2027-05-30T15:00:00Z,Chelsea,Brentford
560921,38,2027-05-30T15:00:00Z,Crystal Palace,Leeds
