canonical,fd_couk_name,fd_org_name
Arsenal,Arsenal,Arsenal FC
Aston Villa,Aston Villa,Aston Villa FC
Bournemouth,Bournemouth,AFC Bournemouth
Brentford,Brentford,Brentford FC
Brighton,Brighton,Brighton & Hove Albion FC
Burnley,Burnley,Burnley FC
Chelsea,Chelsea,Chelsea FC
Coventry,Coventry,Coventry City FC
Crystal Palace,Crystal Palace,Crystal Palace FC
Everton,Everton,Everton FC
Fulham,Fulham,Fulham FC
Hull,Hull,Hull City AFC
Ipswich,Ipswich,Ipswich Town FC
Leeds,Leeds,Leeds United FC
Leicester,Leicester,Leicester City FC
Liverpool,Liverpool,Liverpool FC
Luton,Luton,Luton Town FC
Man City,Man City,Manchester City FC
Man United,Man United,Manchester United FC
Newcastle,Newcastle,Newcastle United FC
Norwich,Norwich,Norwich City FC
Nottingham Forest,Nott'm Forest,Nottingham Forest FC
Sheffield United,Sheffield United,Sheffield United FC
Southampton,Southampton,Southampton FC
Sunderland,Sunderland,Sunderland AFC
Tottenham,Tottenham,Tottenham Hotspur FC
Watford,Watford,Watford FC
West Brom,West Brom,West Bromwich Albion FC
West Ham,West Ham,West Ham United FC
Wolves,Wolves,Wolverhampton Wanderers FC
